s2id,longitude,latitude,label,sublabel,iso3
8fd4bb85,-79.64178933702219,0.996638739956634,Puerto Pesquero de Esmeraldas ,Esmeraldas,ECU
8fd4bb87,-79.64740355365572,0.9966565814071594,Puerto Pesquero de Esmeraldas ,Esmeraldas,ECU
8fd4bb89,-79.64740355365572,0.9919513413037399,Puerto Pesquero de Esmeraldas ,Esmeraldas,ECU
8fd4bb8b,-79.64740355365572,0.9872466475696788,Puerto Pesquero de Esmeraldas ,Esmeraldas,ECU
8fd4bb8d,-79.64178933702219,0.987228974502217,Puerto Pesquero de Esmeraldas ,Esmeraldas,ECU
8fd4bb8f,-79.64178933702219,0.9919335840493951,Puerto Pesquero de Esmeraldas ,Esmeraldas,ECU
8fd4bb91,-79.63617477072131,0.9919158161659889,Puerto Pesquero de Esmeraldas ,Esmeraldas,ECU
8fd4bb93,-79.63617477072131,0.9872112908560878,Puerto Pesquero de Esmeraldas ,Esmeraldas,ECU
8fd4bb9b,-79.63617477072131,0.9966208878266475,Puerto Pesquero de Esmeraldas ,Esmeraldas,ECU
8fd4bbed,-79.63617477072131,0.982507311965086,Puerto Pesquero de Esmeraldas ,Esmeraldas,ECU
8fd4bbf1,-79.64178933702219,0.9778213947605808,Puerto Pesquero de Esmeraldas ,Esmeraldas,ECU
8fd4bbf3,-79.64178933702219,0.9825249113832453,Puerto Pesquero de Esmeraldas ,Esmeraldas,ECU
8fd4bbf5,-79.64740355365572,0.982542500273126,Puerto Pesquero de Esmeraldas ,Esmeraldas,ECU
8fd4bbf7,-79.64740355365572,0.9778388994821852,Puerto Pesquero de Esmeraldas ,Esmeraldas,ECU
8fd4bc0b,-79.65301742046572,0.9825600786358322,Puerto Pesquero de Esmeraldas ,Esmeraldas,ECU
8fd4bc75,-79.65301742046572,0.987264310059583,Puerto Pesquero de Esmeraldas ,Esmeraldas,ECU
8fd4bc77,-79.65301742046572,0.9919690879301376,Puerto Pesquero de Esmeraldas ,Esmeraldas,ECU
8fd4bc79,-79.65301742046572,0.9966744121793437,Puerto Pesquero de Esmeraldas ,Esmeraldas,ECU
8fd4ecdf,-79.87168370335174,0.8751166278005121,Desembarcadero Sua,Esmeraldas,ECU
8fd4ece1,-79.87168370335174,0.8704222983492415,Desembarcadero Sua,Esmeraldas,ECU
8fd4ece3,-79.87168370335174,0.865728517395752,Desembarcadero Sua,Esmeraldas,ECU
8fd4ece5,-79.86608360104744,0.8657133999183565,Desembarcadero Sua,Esmeraldas,ECU
8fd4ecfb,-79.86608360104744,0.8610202494589401,Desembarcadero Sua,Esmeraldas,ECU
8fd4ecfd,-79.87168370335174,0.8610352850071743,Desembarcadero Sua,Esmeraldas,ECU
8fd4ecff,-79.87168370335174,0.8563426012505939,Desembarcadero Sua,Esmeraldas,ECU
8fd4ed01,-79.87728344961866,0.8563575457492464,Desembarcadero Sua,Esmeraldas,ECU
8fd4ed03,-79.87728344961866,0.8610503113757982,Desembarcadero Sua,Esmeraldas,ECU
8fd4ed05,-79.88288283969372,0.861065328565823,Desembarcadero Sua,Esmeraldas,ECU
8fd4ed07,-79.88288283969372,0.8563724811193094,Desembarcadero Sua,Esmeraldas,ECU
8fd4ed0f,-79.88848187342239,0.86108033657826,Desembarcadero Sua,Esmeraldas,ECU
8fd4ed11,-79.88848187342239,0.8657738144542161,Desembarcadero Sua,Esmeraldas,ECU
8fd4ed17,-79.88848187342239,0.8704678409225616,Desembarcadero Sua,Esmeraldas,ECU
8fd4ed19,-79.88288283969372,0.870452669342743,Desembarcadero Sua,Esmeraldas,ECU
8fd4ed1b,-79.88288283969372,0.865758724662665,Desembarcadero Sua,Esmeraldas,ECU
8fd4ed1d,-79.87728344961866,0.8657436256435161,Desembarcadero Sua,Esmeraldas,ECU
8fd4ed1f,-79.87728344961866,0.8704374884853104,Desembarcadero Sua,Esmeraldas,ECU
8fd4ed21,-79.87728344961866,0.8751318998340474,Desembarcadero Sua,Esmeraldas,ECU
8fd4ed23,-79.88288283969372,0.8751471625389189,Desembarcadero Sua,Esmeraldas,ECU
8fd50695,-80.02834145311249,0.4968994419086861,Desembarcadero Mompiche,Esmeraldas,ECU
8fd50697,-80.02275137812276,0.4968909163456786,Desembarcadero Mompiche,Esmeraldas,ECU
8fd50699,-80.0171609429385,0.49688238550319747,Desembarcadero Mompiche,Esmeraldas,ECU
8fd506a3,-80.0171609429385,0.5015347205540318,Desembarcadero Mompiche,Esmeraldas,ECU
8fd506a5,-80.0171609429385,0.5061876095123596,Desembarcadero Mompiche,Esmeraldas,ECU
8fd506ad,-80.0171609429385,0.515495048896424,Desembarcadero Mompiche,Esmeraldas,ECU
8fd506af,-80.0171609429385,0.5108410523144242,Desembarcadero Mompiche,Esmeraldas,ECU
8fd506b1,-80.02275137812276,0.5108498227845153,Desembarcadero Mompiche,Esmeraldas,ECU
8fd506b3,-80.02275137812276,0.5155038992609401,Desembarcadero Mompiche,Esmeraldas,ECU
8fd506b5,-80.02834145311249,0.5155127441482382,Desembarcadero Mompiche,Esmeraldas,ECU
8fd506b7,-80.02834145311249,0.5108585878268335,Desembarcadero Mompiche,Esmeraldas,ECU
8fd506b9,-80.02834145311249,0.5062049853039088,Desembarcadero Mompiche,Esmeraldas,ECU
8fd506bb,-80.02275137812276,0.5061963000973013,Desembarcadero Mompiche,Esmeraldas,ECU
8fd506bd,-80.02275137812276,0.5015433312631021,Desembarcadero Mompiche,Esmeraldas,ECU
8fd506bf,-80.02834145311249,0.5015519366432717,Desembarcadero Mompiche,Esmeraldas,ECU
8fd506c1,-80.03393116775428,0.5015605366951444,Desembarcadero Mompiche,Esmeraldas,ECU
8fd506c7,-80.03393116775428,0.5062136651327922,Desembarcadero Mompiche,Esmeraldas,ECU
8fd506c9,-80.03393116775428,0.5108673474419945,Desembarcadero Mompiche,Esmeraldas,ECU
8fd57f09,-80.06746187971406,0.03905951577589851,Desembarcadero La Chorrera ,Manabí,ECU
8fd57f0b,-80.07304906762899,0.03906018257543954,Desembarcadero La Chorrera ,Manabí,ECU
8fd57f0d,-80.07304906762899,0.043658159625029974,Desembarcadero La Chorrera ,Manabí,ECU
8fd57f0f,-80.06746187971406,0.04365741433310782,Desembarcadero La Chorrera ,Manabí,ECU
8fd57f11,-80.06746187971406,0.0482558729788845,Desembarcadero La Chorrera ,Manabí,ECU
8fd57f13,-80.07304906762899,0.04825669677273007,Desembarcadero La Chorrera ,Manabí,ECU
8fd57f15,-80.07304906762899,0.05285579395907944,Desembarcadero La Chorrera ,Manabí,ECU
8fd57f17,-80.06746187971406,0.05285489165377123,Desembarcadero La Chorrera ,Manabí,ECU
8fd57f69,-80.0842223585852,0.05285759688689031,Desembarcadero La Chorrera ,Manabí,ECU
8fd57f6b,-80.07863589397036,0.05285669570343102,Desembarcadero La Chorrera ,Manabí,ECU
8fd57f6d,-80.07863589397036,0.048257520054429015,Desembarcadero La Chorrera ,Manabí,ECU
8fd57f6f,-80.0842223585852,0.0482583428240401,Desembarcadero La Chorrera ,Manabí,ECU
8fd57f71,-80.0842223585852,0.04365964881889982,Desembarcadero La Chorrera ,Manabí,ECU
8fd57f73,-80.07863589397036,0.04365890445360959,Desembarcadero La Chorrera ,Manabí,ECU
8fd57f75,-80.07863589397036,0.039060848960436184,Desembarcadero La Chorrera ,Manabí,ECU
8fd57f77,-80.0842223585852,0.039061514930935945,Desembarcadero La Chorrera ,Manabí,ECU
8fd57f9f,-80.07863589397036,0.03446335363432885,Desembarcadero La Chorrera ,Manabí,ECU
8fd57fa1,-80.07304906762899,0.034462765683375834,Desembarcadero La Chorrera ,Manabí,ECU
902a7ad1,-80.24049588690045,-0.1404161515570309,Desembarcadero Don Juan,Manabí,ECU
902a7ad3,-80.24049588690045,-0.14502877528478716,Desembarcadero Don Juan,Manabí,ECU
902a7ad5,-80.23491961258279,-0.14502634682624477,Desembarcadero Don Juan,Manabí,ECU
902a7ad7,-80.23491961258279,-0.14041380033470793,Desembarcadero Don Juan,Manabí,ECU
902a7ad9,-80.23491961258279,-0.1358018129557998,Desembarcadero Don Juan,Manabí,ECU
902a7adb,-80.24049588690045,-0.1358040869512045,Desembarcadero Don Juan,Manabí,ECU
902a7add,-80.24049588690045,-0.13119258152772836,Desembarcadero Don Juan,Manabí,ECU
902a7adf,-80.23491961258279,-0.13119038474993755,Desembarcadero Don Juan,Manabí,ECU
902a7ae1,-80.23491961258279,-0.12657951577749496,Desembarcadero Don Juan,Manabí,ECU
902a7b1f,-80.22934297227118,-0.12657739486981523,Desembarcadero Don Juan,Manabí,ECU
902a7b21,-80.22934297227118,-0.13118818658520562,Desembarcadero Don Juan,Manabí,ECU
902a7b23,-80.2237659661175,-0.13118598703336873,Desembarcadero Don Juan,Manabí,ECU
902a7b25,-80.2237659661175,-0.13579726065774278,Desembarcadero Don Juan,Manabí,ECU
902a7b27,-80.22934297227118,-0.13579953752470242,Desembarcadero Don Juan,Manabí,ECU
902a7b29,-80.22934297227118,-0.14041144762793498,Desembarcadero Don Juan,Manabí,ECU
902a7b2b,-80.22934297227118,-0.145023916834489,Desembarcadero Don Juan,Manabí,ECU
902a7b2d,-80.2237659661175,-0.14502148530933864,Desembarcadero Don Juan,Manabí,ECU
902a7b2f,-80.2237659661175,-0.1404090934365365,Desembarcadero Don Juan,Manabí,ECU
902a7e51,-80.13448423719723,-0.04366632726728061,Desembaercadero Cabuyal,Manabí,ECU
902a7e53,-80.13448423719723,-0.03906749002094135,Desembaercadero Cabuyal,Manabí,ECU
902a7e55,-80.14006707613997,-0.03906815184909719,Desembaercadero Cabuyal,Manabí,ECU
902a7e57,-80.14006707613997,-0.043667067002610416,Desembaercadero Cabuyal,Manabí,ECU
902a7e59,-80.14006707613997,-0.048266542368277925,Desembaercadero Cabuyal,Manabí,ECU
902a7e5b,-80.13448423719723,-0.048265724716303075,Desembaercadero Cabuyal,Manabí,ECU
902a7e5d,-80.13448423719723,-0.052865682308514975,Desembaercadero Cabuyal,Manabí,ECU
902a7e5f,-80.14006707613997,-0.05286657788660299,Desembaercadero Cabuyal,Manabí,ECU
902a7e61,-80.14006707613997,-0.05746717349804545,Desembaercadero Cabuyal,Manabí,ECU
902a7e67,-80.13448423719723,-0.05746619998437922,Desembaercadero Cabuyal,Manabí,ECU
902a7e8b,-80.14564955167577,-0.057468146402782735,Desembaercadero Cabuyal,Manabí,ECU
902a7ef1,-80.15123166365211,-0.04826817613797284,Desembaercadero Cabuyal,Manabí,ECU
902a7ef3,-80.15123166365211,-0.05286836736230243,Desembaercadero Cabuyal,Manabí,ECU
902a7ef5,-80.14564955167577,-0.052867472904510444,Desembaercadero Cabuyal,Manabí,ECU
902a7ef7,-80.14564955167577,-0.048267359508814715,Desembaercadero Cabuyal,Manabí,ECU
902a7ef9,-80.14564955167577,-0.04366780627523869,Desembaercadero Cabuyal,Manabí,ECU
902a7efb,-80.15123166365211,-0.0436685450852192,Desembaercadero Cabuyal,Manabí,ECU
902a7eff,-80.14564955167577,-0.03906881326328216,Desembaercadero Cabuyal,Manabí,ECU
902bc143,-80.52995405997952,-0.8345415579813477,Puerto Pesquero de Crucita ,Manabí,ECU
902bc15d,-80.53551072044733,-0.8345550526160446,Puerto Pesquero de Crucita ,Manabí,ECU
902bc161,-80.54106700678489,-0.8392679416989841,Puerto Pesquero de Crucita ,Manabí,ECU
902bc163,-80.54106700678489,-0.8439678949324669,Puerto Pesquero de Crucita ,Manabí,ECU
902bc165,-80.53551072044733,-0.8439542572125057,Puerto Pesquero de Crucita ,Manabí,ECU
902bc167,-80.53551072044733,-0.8392543799040165,Puerto Pesquero de Crucita ,Manabí,ECU
902bc169,-80.52995405997952,-0.8392408093035542,Puerto Pesquero de Crucita ,Manabí,ECU
902bc16b,-80.52439702553096,-0.8392272298964957,Puerto Pesquero de Crucita ,Manabí,ECU
902bc16d,-80.52439702553096,-0.843926955207097,Puerto Pesquero de Crucita ,Manabí,ECU
902bc16f,-80.52995405997952,-0.8439406106377515,Puerto Pesquero de Crucita ,Manabí,ECU
902bc171,-80.52995405997952,-0.8486409619166787,Puerto Pesquero de Crucita ,Manabí,ECU
902bc173,-80.52439702553096,-0.8486272304538998,Puerto Pesquero de Crucita ,Manabí,ECU
902bc175,-80.52439702553096,-0.8533280555696008,Puerto Pesquero de Crucita ,Manabí,ECU
902bc177,-80.52995405997952,-0.8533418630730287,Puerto Pesquero de Crucita ,Manabí,ECU
902bc179,-80.53551072044733,-0.8533556616219317,Puerto Pesquero de Crucita ,Manabí,ECU
902bc17b,-80.53551072044733,-0.8486546844742472,Puerto Pesquero de Crucita ,Manabí,ECU
902bc17d,-80.54106700678489,-0.8486683981277193,Puerto Pesquero de Crucita ,Manabí,ECU
902bc17f,-80.54106700678489,-0.8533694512174282,Puerto Pesquero de Crucita ,Manabí,ECU
902be617,-80.64656516386808,-0.9525089160079394,Puerto Pesquero de Jaramijó ,Manabí,ECU
902be619,-80.6410160143617,-0.9524937192435291,Puerto Pesquero de Jaramijó ,Manabí,ECU
902be61f,-80.63546648789193,-0.9524785125128894,Puerto Pesquero de Jaramijó ,Manabí,ECU
902be621,-80.63546648789193,-0.9477646407834737,Puerto Pesquero de Jaramijó ,Manabí,ECU
902be623,-80.6410160143617,-0.9477797722826443,Puerto Pesquero de Jaramijó ,Manabí,ECU
902be625,-80.6410160143617,-0.9430663739433333,Puerto Pesquero de Jaramijó ,Manabí,ECU
902be627,-80.63546648789193,-0.943051317667286,Puerto Pesquero de Jaramijó ,Manabí,ECU
902be629,-80.63546648789193,-0.9383385432326383,Puerto Pesquero de Jaramijó ,Manabí,ECU
902be62b,-80.63546648789193,-0.9336263175477995,Puerto Pesquero de Jaramijó ,Manabí,ECU
902be62d,-80.6410160143617,-0.9336412234026518,Puerto Pesquero de Jaramijó ,Manabí,ECU
902be62f,-80.6410160143617,-0.9383535242939123,Puerto Pesquero de Jaramijó ,Manabí,ECU
902be631,-80.64656516386808,-0.9383684955368602,Puerto Pesquero de Jaramijó ,Manabí,ECU
902be633,-80.64656516386808,-0.9336561194884684,Puerto Pesquero de Jaramijó ,Manabí,ECU
902be63b,-80.64656516386808,-0.9430814203517596,Puerto Pesquero de Jaramijó ,Manabí,ECU
902be63d,-80.64656516386808,-0.9477948938648924,Puerto Pesquero de Jaramijó ,Manabí,ECU
902be883,-80.62991658460747,-0.9383235523517873,Puerto Pesquero de Jaramijó ,Manabí,ECU
902be89d,-80.62991658460747,-0.9430362515223587,Puerto Pesquero de Jaramijó ,Manabí,ECU
902be89f,-80.62991658460747,-0.9477494993661157,Puerto Pesquero de Jaramijó ,Manabí,ECU
902be649,-80.65766233139588,-0.938398408572788,Puerto Atún Grupo PH,Manabí,ECU
902be64b,-80.65766233139588,-0.9336858823579799,Puerto Atún Grupo PH,Manabí,ECU
902be64d,-80.6632103491201,-0.9337007491441707,Puerto Atún Grupo PH,Manabí,ECU
902be64f,-80.6632103491201,-0.9384133503682767,Puerto Atún Grupo PH,Manabí,ECU
902be651,-80.66875798928643,-0.9384282823504561,Puerto Atún Grupo PH,Manabí,ECU
902be653,-80.66875798928643,-0.9337156061663167,Puerto Atún Grupo PH,Manabí,ECU
902be655,-80.6743052517464,-0.9337304534256685,Puerto Atún Grupo PH,Manabí,ECU
902be7a5,-80.66875798928643,-0.9195808710951444,Puerto Atún Grupo PH,Manabí,ECU
902be7a9,-80.6743052517464,-0.9243065979332613,Puerto Atún Grupo PH,Manabí,ECU
902be7ab,-80.6743052517464,-0.9290182512071616,Puerto Atún Grupo PH,Manabí,ECU
902be7ad,-80.66875798928643,-0.9290034788502611,Puerto Atún Grupo PH,Manabí,ECU
902be7af,-80.66875798928643,-0.9242919004704865,Puerto Atún Grupo PH,Manabí,ECU
902be7b1,-80.6632103491201,-0.9242771933434181,Puerto Atún Grupo PH,Manabí,ECU
902be7b3,-80.6632103491201,-0.9289886967798198,Puerto Atún Grupo PH,Manabí,ECU
902be7b5,-80.65766233139588,-0.9289739049945935,Puerto Atún Grupo PH,Manabí,ECU
902be7b7,-80.65766233139588,-0.924262476550819,Puerto Atún Grupo PH,Manabí,ECU
902be7b9,-80.65766233139588,-0.9195515970948019,Puerto Atún Grupo PH,Manabí,ECU
902be7bb,-80.6632103491201,-0.9195662389031142,Puerto Atún Grupo PH,Manabí,ECU
902be7c9,-80.65211393626234,-0.9242477500914518,Puerto Atún Grupo PH,Manabí,ECU
902be7cb,-80.65211393626234,-0.9289591034933388,Puerto Atún Grupo PH,Manabí,ECU
902be649,-80.65766233139588,-0.938398408572788,Puerto Astiesmar,Manabí,ECU
902be64b,-80.65766233139588,-0.9336858823579799,Puerto Astiesmar,Manabí,ECU
902be64d,-80.6632103491201,-0.9337007491441707,Puerto Astiesmar,Manabí,ECU
902be64f,-80.6632103491201,-0.9384133503682767,Puerto Astiesmar,Manabí,ECU
902be651,-80.66875798928643,-0.9384282823504561,Puerto Astiesmar,Manabí,ECU
902be653,-80.66875798928643,-0.9337156061663167,Puerto Astiesmar,Manabí,ECU
902be655,-80.6743052517464,-0.9337304534256685,Puerto Astiesmar,Manabí,ECU
902be657,-80.6743052517464,-0.938443204520582,Puerto Astiesmar,Manabí,ECU
902be65b,-80.66875798928643,-0.9431415073344358,Puerto Astiesmar,Manabí,ECU
902be6ff,-80.67985213635151,-0.9337452909234779,Puerto Astiesmar,Manabí,ECU
902be701,-80.67985213635151,-0.9290330138517666,Puerto Astiesmar,Manabí,ECU
902be7a9,-80.6743052517464,-0.9243065979332613,Puerto Astiesmar,Manabí,ECU
902be7ab,-80.6743052517464,-0.9290182512071616,Puerto Astiesmar,Manabí,ECU
902be7ad,-80.66875798928643,-0.9290034788502611,Puerto Astiesmar,Manabí,ECU
902be7af,-80.66875798928643,-0.9242919004704865,Puerto Astiesmar,Manabí,ECU
902be7b1,-80.6632103491201,-0.9242771933434181,Puerto Astiesmar,Manabí,ECU
902be7b3,-80.6632103491201,-0.9289886967798198,Puerto Astiesmar,Manabí,ECU
902be7b5,-80.65766233139588,-0.9289739049945935,Puerto Astiesmar,Manabí,ECU
902be6b1,-80.71312550072177,-0.9574059694253471,Desembarcadero Playita Mia,Manabí,ECU
902be6b3,-80.71866973618957,-0.9574211112948783,Desembarcadero Playita Mia,Manabí,ECU
902be6b5,-80.71866973618957,-0.9527055675983264,Desembarcadero Playita Mia,Manabí,ECU
902be6b7,-80.71312550072177,-0.9526905002788104,Desembarcadero Playita Mia,Manabí,ECU
902be6b9,-80.70758088636109,-0.952675423009678,Desembarcadero Playita Mia,Manabí,ECU
902be6bb,-80.70758088636109,-0.9573908175569693,Desembarcadero Playita Mia,Manabí,ECU
902be6bd,-80.70203589325568,-0.957375655688454,Desembarcadero Playita Mia,Manabí,ECU
902be6bf,-80.70203589325568,-0.9526603357896448,Desembarcadero Playita Mia,Manabí,ECU
902be6c1,-80.70203589325568,-0.9479455645354562,Desembarcadero Playita Mia,Manabí,ECU
902be6c3,-80.70203589325568,-0.9432313419942857,Desembarcadero Playita Mia,Manabí,ECU
902be6c5,-80.70758088636109,-0.9432462799421893,Desembarcadero Playita Mia,Manabí,ECU
902be6c7,-80.70758088636109,-0.9479605771152848,Desembarcadero Playita Mia,Manabí,ECU
902be6c9,-80.71312550072177,-0.9479755797934427,Desembarcadero Playita Mia,Manabí,ECU
902be6cb,-80.71866973618957,-0.9479905725712093,Desembarcadero Playita Mia,Manabí,ECU
902be6cd,-80.71866973618957,-0.9432761262819345,Desembarcadero Playita Mia,Manabí,ECU
902be6cf,-80.71312550072177,-0.9432612080376482,Desembarcadero Playita Mia,Manabí,ECU
902be0d5,-80.72421359261635,-0.9291507655157475,Puerto De Manta,Manabí,ECU
902be0d7,-80.72975706985405,-0.9291654408059045,Puerto De Manta,Manabí,ECU
902be125,-80.73530016775463,-0.9386067011570083,Puerto De Manta,Manabí,ECU
902be127,-80.73530016775463,-0.9338931292928447,Puerto De Manta,Manabí,ECU
902be129,-80.72975706985405,-0.9338783893413884,Puerto De Manta,Manabí,ECU
902be12b,-80.72421359261635,-0.9338636396409644,Puerto De Manta,Manabí,ECU
902be12d,-80.72421359261635,-0.9385770627172468,Puerto De Manta,Manabí,ECU
902be12f,-80.72975706985405,-0.9385918868362061,Puerto De Manta,Manabí,ECU
902be131,-80.72975706985405,-0.9433059332220782,Puerto De Manta,Manabí,ECU
902be133,-80.72421359261635,-0.9432910346763193,Puerto De Manta,Manabí,ECU
902be135,-80.72421359261635,-0.948005555449862,Puerto De Manta,Manabí,ECU
902be137,-80.72975706985405,-0.9480205284306824,Puerto De Manta,Manabí,ECU
902be139,-80.73530016775463,-0.9480354915149515,Puerto De Manta,Manabí,ECU
902be13b,-80.73530016775463,-0.9433208219204858,Puerto De Manta,Manabí,ECU
902be6cb,-80.71866973618957,-0.9479905725712093,Puerto De Manta,Manabí,ECU
902be6cd,-80.71866973618957,-0.9432761262819345,Puerto De Manta,Manabí,ECU
902be6d3,-80.71866973618957,-0.9385622287988623,Puerto De Manta,Manabí,ECU
902be6d5,-80.71866973618957,-0.9338488801903103,Puerto De Manta,Manabí,ECU
90295f51,-80.81840101528117,-0.9624093825562907,Puerto Pesquero de San Mateo,Manabí,ECU
90295f55,-80.81286362517153,-0.9671122477043805,Puerto Pesquero de San Mateo,Manabí,ECU
90295f57,-80.81286362517153,-0.9623943467708916,Puerto Pesquero de San Mateo,Manabí,ECU
90295f59,-80.81286362517153,-0.9576769945094638,Puerto Pesquero de San Mateo,Manabí,ECU
90295f5b,-80.81840101528117,-0.9576919566217296,Puerto Pesquero de San Mateo,Manabí,ECU
90295f5d,-80.81840101528117,-0.9529750794359448,Puerto Pesquero de San Mateo,Manabí,ECU
90295f5f,-80.81286362517153,-0.9529601909886481,Puerto Pesquero de San Mateo,Manabí,ECU
90295f61,-80.81286362517153,-0.9482439362769519,Puerto Pesquero de San Mateo,Manabí,ECU
902be1dd,-80.80178770044253,-0.9482142770630598,Puerto Pesquero de San Mateo,Manabí,ECU
902be1df,-80.80732585350952,-0.9482291116092554,Puerto Pesquero de San Mateo,Manabí,ECU
902be1e1,-80.80732585350952,-0.952945292615041,Puerto Pesquero de San Mateo,Manabí,ECU
902be1e3,-80.80732585350952,-0.9576620224217725,Puerto Pesquero de San Mateo,Manabí,ECU
902be1e5,-80.80178770044253,-0.9576470403573454,Puerto Pesquero de San Mateo,Manabí,ECU
902be1e7,-80.80178770044253,-0.9529303843138189,Puerto Pesquero de San Mateo,Manabí,ECU
902be1e9,-80.79624916611799,-0.9529154660836788,Puerto Pesquero de San Mateo,Manabí,ECU
902be1ef,-80.79624916611799,-0.9576320483148735,Puerto Pesquero de San Mateo,Manabí,ECU
902be1f9,-80.80178770044253,-0.9670819985486566,Puerto Pesquero de San Mateo,Manabí,ECU
902be1fb,-80.80178770044253,-0.96236424512514,Puerto Pesquero de San Mateo,Manabí,ECU
902be1fd,-80.80732585350952,-0.9623793009609468,Puerto Pesquero de San Mateo,Manabí,ECU
902be1ff,-80.80732585350952,-0.9670971281640157,Puerto Pesquero de San Mateo,Manabí,ECU
902c1f07,-80.76300996202279,-1.470099641663919,Desembarcacdero Machalilla,Manabí,ECU
902c1f09,-80.76300996202279,-1.4748751718398891,Desembarcacdero Machalilla,Manabí,ECU
902c1f0b,-80.76300996202279,-1.479651242946634,Desembarcacdero Machalilla,Manabí,ECU
902c1f0d,-80.75746876302672,-1.4796279743690974,Desembarcacdero Machalilla,Manabí,ECU
902c1f0f,-80.75746876302672,-1.4748519783030238,Desembarcacdero Machalilla,Manabí,ECU
902c1f75,-80.76300996202279,-1.4844278549106698,Desembarcacdero Machalilla,Manabí,ECU
902c1f99,-80.77409121919399,-1.4844744957282454,Desembarcacdero Machalilla,Manabí,ECU
902c1f9f,-80.76855078079447,-1.4844511830578753,Desembarcacdero Machalilla,Manabí,ECU
902c1fa1,-80.76855078079447,-1.4796744960950847,Desembarcacdero Machalilla,Manabí,ECU
902c1fa3,-80.77409121919399,-1.4796977338164603,Desembarcacdero Machalilla,Manabí,ECU
902c1fa5,-80.77409121919399,-1.4749215127776527,Desembarcacdero Machalilla,Manabí,ECU
902c1fa7,-80.76855078079447,-1.474898349997431,Desembarcacdero Machalilla,Manabí,ECU
902c1fa9,-80.76855078079447,-1.4701227448384009,Desembarcacdero Machalilla,Manabí,ECU
902c1fab,-80.76855078079447,-1.4653476806914338,Desembarcacdero Machalilla,Manabí,ECU
902c1faf,-80.77409121919399,-1.4701458326853123,Desembarcacdero Machalilla,Manabí,ECU
902c1fbb,-80.77963127707375,-1.4749446601825618,Desembarcacdero Machalilla,Manabí,ECU
902c1fbd,-80.77963127707375,-1.479720956112775,Desembarcacdero Machalilla,Manabí,ECU
902e9e05,-80.81840101528117,-1.570745330892806,Puerto Pesquero de Puerto Lopez,Manabí,ECU
902e9e0d,-80.82947465025403,-1.5707943461902378,Puerto Pesquero de Puerto Lopez,Manabí,ECU
902e9e0f,-80.8239380236911,-1.5707698467175049,Puerto Pesquero de Puerto Lopez,Manabí,ECU
902e9e11,-80.8239380236911,-1.565982688147786,Puerto Pesquero de Puerto Lopez,Manabí,ECU
902e9e13,-80.82947465025403,-1.5660071130291715,Puerto Pesquero de Puerto Lopez,Manabí,ECU
902e9e15,-80.82947465025403,-1.5612204194879105,Puerto Pesquero de Puerto Lopez,Manabí,ECU
902e9e17,-80.8239380236911,-1.5611960691901472,Puerto Pesquero de Puerto Lopez,Manabí,ECU
902e9e19,-80.81840101528117,-1.5611717026399907,Puerto Pesquero de Puerto Lopez,Manabí,ECU
902e9e1b,-80.81840101528117,-1.565958246964224,Puerto Pesquero de Puerto Lopez,Manabí,ECU
902e9e1d,-80.81286362517153,-1.5659337894763392,Puerto Pesquero de Puerto Lopez,Manabí,ECU
902e9e1f,-80.81286362517153,-1.5611473198353014,Puerto Pesquero de Puerto Lopez,Manabí,ECU
902e9e21,-80.81286362517153,-1.5563613898652167,Puerto Pesquero de Puerto Lopez,Manabí,ECU
902e9e23,-80.81840101528117,-1.5563856979944501,Puerto Pesquero de Puerto Lopez,Manabí,ECU
902e9e25,-80.81840101528117,-1.5516002331019005,Puerto Pesquero de Puerto Lopez,Manabí,ECU
902e9e39,-80.82947465025403,-1.5516486515621655,Puerto Pesquero de Puerto Lopez,Manabí,ECU
902e9e3b,-80.8239380236911,-1.5516244504084533,Puerto Pesquero de Puerto Lopez,Manabí,ECU
902e9e3d,-80.8239380236911,-1.5564099899189359,Puerto Pesquero de Puerto Lopez,Manabí,ECU
902e9e3f,-80.82947465025403,-1.5564342656408066,Puerto Pesquero de Puerto Lopez,Manabí,ECU
902e9e41,-80.83501089482273,-1.5564585251621985,Puerto Pesquero de Puerto Lopez,Manabí,ECU
902e9e6b,-80.83501089482273,-1.561244753535423,Puerto Pesquero de Puerto Lopez,Manabí,ECU
902e9db5,-80.85161733509145,-1.599628695270429,Desembarcadero Salango,Manabí,ECU
902e9db7,-80.84608223738856,-1.5996038146688272,Desembarcadero Salango,Manabí,ECU
902e9db9,-80.84054675724994,-1.5995789174252044,Desembarcadero Salango,Manabí,ECU
902e9dbf,-80.83501089482273,-1.5995540035373623,Desembarcadero Salango,Manabí,ECU
902e9dc1,-80.83501089482273,-1.5947634596335925,Desembarcadero Salango,Manabí,ECU
902e9dc3,-80.83501089482273,-1.5899734549102553,Desembarcadero Salango,Manabí,ECU
902e9dc5,-80.84054675724994,-1.5899982197297704,Desembarcadero Salango,Manabí,ECU
902e9dc7,-80.84054675724994,-1.5947882989834234,Desembarcadero Salango,Manabí,ECU
902e9dc9,-80.84608223738856,-1.594813121738835,Desembarcadero Salango,Manabí,ECU
902e9dcb,-80.85161733509145,-1.5948379279020208,Desembarcadero Salango,Manabí,ECU
902e9dcd,-80.85161733509145,-1.5900476997371136,Desembarcadero Salango,Manabí,ECU
902e9dcf,-80.84608223738856,-1.590022968004661,Desembarcadero Salango,Manabí,ECU
902e9dd1,-80.84608223738856,-1.5852333535409417,Desembarcadero Salango,Manabí,ECU
902e9dd3,-80.85161733509145,-1.5852580108503498,Desembarcadero Salango,Manabí,ECU
902e9ddb,-80.84054675724994,-1.5852086797388796,Desembarcadero Salango,Manabí,ECU
902e9ddd,-80.83501089482273,-1.5851839894419828,Desembarcadero Salango,Manabí,ECU
902dd913,-80.74638522495255,-2.0130450591057234,Desembarcadero Palmar ,Santa Elena,ECU
902dd915,-80.74638522495255,-2.017881010837467,Desembarcadero Palmar ,Santa Elena,ECU
902dd939,-80.74638522495255,-2.0275545111619273,Desembarcadero Palmar ,Santa Elena,ECU
902dd93f,-80.74638522495255,-2.022717494882431,Desembarcadero Palmar ,Santa Elena,ECU
902dd941,-80.74084288617013,-2.0226856337146883,Desembarcadero Palmar ,Santa Elena,ECU
902dd943,-80.73530016775463,-2.0226537514506258,Desembarcadero Palmar ,Santa Elena,ECU
902dd945,-80.73530016775463,-2.0274906155518417,Desembarcadero Palmar ,Santa Elena,ECU
902dd947,-80.74084288617013,-2.02752257393023,Desembarcadero Palmar ,Santa Elena,ECU
902dd95b,-80.72975706985405,-2.027458636024017,Desembarcadero Palmar ,Santa Elena,ECU
902dd95d,-80.72975706985405,-2.022621848087504,Desembarcadero Palmar ,Santa Elena,ECU
902dd965,-80.72975706985405,-2.012949868929552,Desembarcadero Palmar ,Santa Elena,ECU
902dd967,-80.72975706985405,-2.0177855923631216,Desembarcadero Palmar ,Santa Elena,ECU
902dd969,-80.73530016775463,-2.0178174195690133,Desembarcadero Palmar ,Santa Elena,ECU
902dd96b,-80.74084288617013,-2.0178492257262177,Desembarcadero Palmar ,Santa Elena,ECU
902dd96d,-80.74084288617013,-2.013013350043502,Desembarcadero Palmar ,Santa Elena,ECU
902dd96f,-80.73530016775463,-2.012981619985688,Desembarcadero Palmar ,Santa Elena,ECU
902e0eb7,-80.90694724582082,-2.2127548753740034,Puerto La Libertad ,Santa Elena,ECU
902e0eb9,-80.91247812703347,-2.212789017999894,Puerto La Libertad ,Santa Elena,ECU
902e0ebf,-80.9180086240484,-2.21282313765542,Puerto La Libertad ,Santa Elena,ECU
902e0ec1,-80.9180086240484,-2.2176831910761052,Puerto La Libertad ,Santa Elena,ECU
902e0ec3,-80.9180086240484,-2.2225437737697087,Puerto La Libertad ,Santa Elena,ECU
902e0ec5,-80.91247812703347,-2.2225095045312617,Puerto La Libertad ,Santa Elena,ECU
902e0ec7,-80.91247812703347,-2.2176489966326987,Puerto La Libertad ,Santa Elena,ECU
902e0ec9,-80.90694724582082,-2.217614779168571,Puerto La Libertad ,Santa Elena,ECU
902e0ecb,-80.90141598055702,-2.2175805386806444,Puerto La Libertad ,Santa Elena,ECU
902e0ecd,-80.90141598055702,-2.2224408968380365,Puerto La Libertad ,Santa Elena,ECU
902e0ecf,-80.90694724582082,-2.2224752122217337,Puerto La Libertad ,Santa Elena,ECU
902e0ed1,-80.90694724582082,-2.2273361744527773,Puerto La Libertad ,Santa Elena,ECU
902e0edb,-80.91247812703347,-2.227370541614869,Puerto La Libertad ,Santa Elena,ECU
902e0edd,-80.9180086240484,-2.2274048856555133,Puerto La Libertad ,Santa Elena,ECU
902e0ee9,-80.92353873671905,-2.2225780199401597,Puerto La Libertad ,Santa Elena,ECU
902e0eeb,-80.92353873671905,-2.2177173625018702,Puerto La Libertad ,Santa Elena,ECU
902e0e43,-80.95671133331219,-2.2179219078588797,Facilidad Pesquera de Santa Rosa,Santa Elena,ECU
902e0e5d,-80.9511835297822,-2.2178878744741115,Facilidad Pesquera de Santa Rosa,Santa Elena,ECU
902e0e5f,-80.94565534102958,-2.217853818090242,Facilidad Pesquera de Santa Rosa,Santa Elena,ECU
902e0e61,-80.94565534102958,-2.212993391485265,Facilidad Pesquera de Santa Rosa,Santa Elena,ECU
902e0e63,-80.94565534102958,-2.208133494269627,Facilidad Pesquera de Santa Rosa,Santa Elena,ECU
902e0e65,-80.9511835297822,-2.2081674016888635,Facilidad Pesquera de Santa Rosa,Santa Elena,ECU
902e0e67,-80.9511835297822,-2.213027373383251,Facilidad Pesquera de Santa Rosa,Santa Elena,ECU
902e0e69,-80.95671133331219,-2.213061332332444,Facilidad Pesquera de Santa Rosa,Santa Elena,ECU
902e0e6f,-80.95671133331219,-2.2082012862096114,Facilidad Pesquera de Santa Rosa,Santa Elena,ECU
902e0e71,-80.95671133331219,-2.203341769571033,Facilidad Pesquera de Santa Rosa,Santa Elena,ECU
902e0e79,-80.9511835297822,-2.1984490468120503,Facilidad Pesquera de Santa Rosa,Santa Elena,ECU
902e0e7b,-80.9511835297822,-2.203307959471597,Facilidad Pesquera de Santa Rosa,Santa Elena,ECU
902e0e7d,-80.94565534102958,-2.2032741265239704,Facilidad Pesquera de Santa Rosa,Santa Elena,ECU
902e0e7f,-80.94565534102958,-2.1984152883288925,Facilidad Pesquera de Santa Rosa,Santa Elena,ECU
902e0e87,-80.9401267672006,-2.203240270725081,Facilidad Pesquera de Santa Rosa,Santa Elena,ECU
902e0e89,-80.9401267672006,-2.208099563948821,Facilidad Pesquera de Santa Rosa,Santa Elena,ECU
902e0e8b,-80.9401267672006,-2.2129593866354,Facilidad Pesquera de Santa Rosa,Santa Elena,ECU
902e0691,-80.88481988192547,-2.3245227175109835,Puerto Pesquero Anconcito,Santa Elena,ECU
902e0693,-80.87928708192395,-2.3244867311021675,Puerto Pesquero Anconcito,Santa Elena,ECU
902e0695,-80.87928708192395,-2.3293584115738817,Puerto Pesquero Anconcito,Santa Elena,ECU
902e0697,-80.88481988192547,-2.329394473237229,Puerto Pesquero Anconcito,Santa Elena,ECU
902e0699,-80.89035229846266,-2.3294305107041757,Puerto Pesquero Anconcito,Santa Elena,ECU
902e069b,-80.89035229846266,-2.324558679773901,Puerto Pesquero Anconcito,Santa Elena,ECU
902e069d,-80.89588433138876,-2.3245946178941366,Puerto Pesquero Anconcito,Santa Elena,ECU
902e069f,-80.89588433138876,-2.329466523977947,Puerto Pesquero Anconcito,Santa Elena,ECU
902e06a1,-80.89588433138876,-2.3343389574379803,Puerto Pesquero Anconcito,Santa Elena,ECU
902e06a3,-80.89035229846266,-2.3343028690035807,Puerto Pesquero Anconcito,Santa Elena,ECU
902e06a5,-80.89035229846266,-2.339175754590338,Puerto Pesquero Anconcito,Santa Elena,ECU
902e06a7,-80.89588433138876,-2.339211918192456,Puerto Pesquero Anconcito,Santa Elena,ECU
902e06b9,-80.87928708192395,-2.3391033545003257,Puerto Pesquero Anconcito,Santa Elena,ECU
902e06bb,-80.88481988192547,-2.3391395666940404,Puerto Pesquero Anconcito,Santa Elena,ECU
902e06bd,-80.88481988192547,-2.3342667563255057,Puerto Pesquero Anconcito,Santa Elena,ECU
902e06bf,-80.87928708192395,-2.334230619400524,Puerto Pesquero Anconcito,Santa Elena,ECU
902df88d,-80.68539864295336,-2.4109348146333356,Desembarcadero Chanduy,Santa Elena,ECU
902df88f,-80.68539864295336,-2.415813304659145,Desembarcadero Chanduy,Santa Elena,ECU
902df891,-80.69094477140355,-2.415851602919942,Desembarcadero Chanduy,Santa Elena,ECU
902df893,-80.69094477140355,-2.4109730357375394,Desembarcadero Chanduy,Santa Elena,ECU
902df895,-80.69649052155377,-2.411011231670955,Desembarcadero Chanduy,Santa Elena,ECU
902df897,-80.69649052155377,-2.4158898759591305,Desembarcadero Chanduy,Santa Elena,ECU
902df8bf,-80.70203589325568,-2.4110494024368267,Desembarcadero Chanduy,Santa Elena,ECU
902df8c1,-80.70203589325568,-2.4061712068244065,Desembarcadero Chanduy,Santa Elena,ECU
902df8c3,-80.70203589325568,-2.401293537025096,Desembarcadero Chanduy,Santa Elena,ECU
902df8e5,-80.69094477140355,-2.3963404888177298,Desembarcadero Chanduy,Santa Elena,ECU
902df8e7,-80.69649052155377,-2.3963784534770527,Desembarcadero Chanduy,Santa Elena,ECU
902df8e9,-80.69649052155377,-2.4012555203475467,Desembarcadero Chanduy,Santa Elena,ECU
902df8eb,-80.69649052155377,-2.4061331131062973,Desembarcadero Chanduy,Santa Elena,ECU
902df8ed,-80.69094477140355,-2.406094994271452,Desembarcadero Chanduy,Santa Elena,ECU
902df8ef,-80.69094477140355,-2.4012174786040683,Desembarcadero Chanduy,Santa Elena,ECU
902df8f1,-80.68539864295336,-2.4011794117914285,Desembarcadero Chanduy,Santa Elena,ECU
902df8f3,-80.68539864295336,-2.406056850316635,Desembarcadero Chanduy,Santa Elena,ECU
902df8fb,-80.68539864295336,-2.396302499140053,Desembarcadero Chanduy,Santa Elena,ECU
902d6e45,-79.88848187342239,-2.2158082110910855,Puerto Pesquero Guayaquil,Guaya,ECU
902d6e47,-79.89408055065033,-2.215846774758032,Puerto Pesquero Guayaquil,Guaya,ECU
902d6e49,-79.89408055065033,-2.2206932684380924,Puerto Pesquero Guayaquil,Guaya,ECU
902d6e4b,-79.89408055065033,-2.2255402898308665,Puerto Pesquero Guayaquil,Guaya,ECU
902d6e4d,-79.88848187342239,-2.225501557800818,Puerto Pesquero Guayaquil,Guaya,ECU
902d6e4f,-79.88848187342239,-2.2206546205936246,Puerto Pesquero Guayaquil,Guaya,ECU
902d6e51,-79.88288283969372,-2.220615949101949,Puerto Pesquero Guayaquil,Guaya,ECU
902d6e53,-79.88288283969372,-2.2254628020720433,Puerto Pesquero Guayaquil,Guaya,ECU
902d6e55,-79.87728344961866,-2.2254240226419197,Puerto Pesquero Guayaquil,Guaya,ECU
902d6e57,-79.87728344961866,-2.2205772539604514,Puerto Pesquero Guayaquil,Guaya,ECU
902d6e59,-79.87728344961866,-2.215731012967501,Puerto Pesquero Guayaquil,Guaya,ECU
902d6e5b,-79.88288283969372,-2.2157696238284452,Puerto Pesquero Guayaquil,Guaya,ECU
902d6fab,-79.87728344961866,-2.2302713189318344,Puerto Pesquero Guayaquil,Guaya,ECU
902d6fad,-79.88288283969372,-2.230310182658647,Puerto Pesquero Guayaquil,Guaya,ECU
902d6faf,-79.88288283969372,-2.2351580907816357,Puerto Pesquero Guayaquil,Guaya,ECU
902d6fb1,-79.88848187342239,-2.2351970150087865,Puerto Pesquero Guayaquil,Guaya,ECU
902d6fb3,-79.88848187342239,-2.2303490226325815,Puerto Pesquero Guayaquil,Guaya,ECU
902d6fb5,-79.89408055065033,-2.2303878388562657,Puerto Pesquero Guayaquil,Guaya,ECU
90326791,-80.2460717950724,-2.725619181952923,Puerto Pesquero Posorja,Guaya,ECU
90326793,-80.25164733694685,-2.72566469461342,Puerto Pesquero Posorja,Guaya,ECU
90326795,-80.25164733694685,-2.720758944302615,Puerto Pesquero Posorja,Guaya,ECU
90326797,-80.2460717950724,-2.720713513310806,Puerto Pesquero Posorja,Guaya,ECU
90326799,-80.24049588690045,-2.720668053603153,Puerto Pesquero Posorja,Guaya,ECU
9032679b,-80.24049588690045,-2.7255736405249475,Puerto Pesquero Posorja,Guaya,ECU
9032679d,-80.23491961258279,-2.7255280703260816,Puerto Pesquero Posorja,Guaya,ECU
9032679f,-80.23491961258279,-2.7206225651762486,Puerto Pesquero Posorja,Guaya,ECU
903267a1,-80.23491961258279,-2.7157175797866384,Puerto Pesquero Posorja,Guaya,ECU
903267a3,-80.24049588690045,-2.715762986448913,Puerto Pesquero Posorja,Guaya,ECU
903267a5,-80.24049588690045,-2.7108584391472887,Puerto Pesquero Posorja,Guaya,ECU
903267b9,-80.25164733694685,-2.710949003112678,Puerto Pesquero Posorja,Guaya,ECU
903267bb,-80.2460717950724,-2.7109037354362795,Puerto Pesquero Posorja,Guaya,ECU
903267bd,-80.2460717950724,-2.71580836444357,Puerto Pesquero Posorja,Guaya,ECU
903267bf,-80.25164733694685,-2.7158537137740106,Puerto Pesquero Posorja,Guaya,ECU
90326f95,-80.29623846703619,-2.603523862947242,Puerto Pesquero  el Morro,Guaya,ECU
90326f97,-80.29623846703619,-2.608417765181499,Puerto Pesquero  el Morro,Guaya,ECU
90326f99,-80.29623846703619,-2.613312189201864,Puerto Pesquero  el Morro,Guaya,ECU
90326fa1,-80.30181070541123,-2.6182506040256435,Puerto Pesquero  el Morro,Guaya,ECU
90326fa3,-80.30181070541123,-2.613355577260079,Puerto Pesquero  el Morro,Guaya,ECU
90326fa5,-80.30738257597355,-2.613398937770087,Puerto Pesquero  el Morro,Guaya,ECU
90326fa7,-80.30738257597355,-2.618294045527346,Puerto Pesquero  el Morro,Guaya,ECU
90326faf,-80.31295407857188,-2.6134422707351956,Puerto Pesquero  el Morro,Guaya,ECU
90326fb1,-80.31295407857188,-2.6085476037618385,Puerto Pesquero  el Morro,Guaya,ECU
90326fb7,-80.31295407857188,-2.603653458596699,Puerto Pesquero  el Morro,Guaya,ECU
90326fb9,-80.30738257597355,-2.6036102874899694,Puerto Pesquero  el Morro,Guaya,ECU
90326fbb,-80.30738257597355,-2.608504351729602,Puerto Pesquero  el Morro,Guaya,ECU
90326fbd,-80.30181070541123,-2.608461072203922,Puerto Pesquero  el Morro,Guaya,ECU
90326fbf,-80.30181070541123,-2.6035670889412486,Puerto Pesquero  el Morro,Guaya,ECU
90326fc1,-80.30181070541123,-2.598673627556086,Puerto Pesquero  el Morro,Guaya,ECU
90326fc7,-80.30738257597355,-2.598716745135223,Puerto Pesquero  el Morro,Guaya,ECU
90330933,-80.01157014771314,-3.261115605052566,Puerto Pesquero Puerto Bolívar,El Oro,ECU
90330935,-80.01157014771314,-3.2660744089278766,Puerto Pesquero Puerto Bolívar,El Oro,ECU
9033094b,-80.01157014771314,-3.271033722551976,Puerto Pesquero Puerto Bolívar,El Oro,ECU
9033094d,-80.01157014771314,-3.2759935458347123,Puerto Pesquero Puerto Bolívar,El Oro,ECU
90330ead,-80.0059789926001,-3.280897598542505,Puerto Pesquero Puerto Bolívar,El Oro,ECU
90330eaf,-80.00038747775298,-3.280841283594135,Puerto Pesquero Puerto Bolívar,El Oro,ECU
90330eb1,-80.00038747775298,-3.2758811202274516,Puerto Pesquero Puerto Bolívar,El Oro,ECU
90330eb3,-80.0059789926001,-3.275937350407374,Puerto Pesquero Puerto Bolívar,El Oro,ECU
90330eb5,-80.0059789926001,-3.270977611833658,Puerto Pesquero Puerto Bolívar,El Oro,ECU
90330eb7,-80.00038747775298,-3.27092146641516,Puerto Pesquero Puerto Bolívar,El Oro,ECU
90330eb9,-79.99479560332529,-3.2708652862925476,Puerto Pesquero Puerto Bolívar,El Oro,ECU
90330ebb,-79.99479560332529,-3.2758248552910043,Puerto Pesquero Puerto Bolívar,El Oro,ECU
90330ec5,-79.99479560332529,-3.260947677298435,Puerto Pesquero Puerto Bolívar,El Oro,ECU
90330ec7,-79.99479560332529,-3.2659062269316443,Puerto Pesquero Puerto Bolívar,El Oro,ECU
90330ec9,-80.00038747775298,-3.2659623222474523,Puerto Pesquero Puerto Bolívar,El Oro,ECU
90330ecb,-80.0059789926001,-3.266018382911554,Puerto Pesquero Puerto Bolívar,El Oro,ECU
90330ecd,-80.0059789926001,-3.261059663731212,Puerto Pesquero Puerto Bolívar,El Oro,ECU
90330ecf,-80.00038747775298,-3.2610036878144752,Puerto Pesquero Puerto Bolívar,El Oro,ECU
